name,age,height,weight,arm,hand_long,hand_width,stand_reach,ground_reach,run_reach,3/4_dash,limit_move,team,sp_en_score,ball_score,test_score
马力克,19,197,94,198,19.5,8.5,256,333,344,3.333,12.267,广东东莞大益,140,58,198
王薪凯,26,197,92,192,20,8.5,251,320,332,3.439,11.819,广东东莞大益,118,120,238
赵睿,25,195,93,194,20,8.5,245,320,337,3.348,10.986,广东东莞大益,138,104,242
赵锦洋,20,197,81,195,20.5,8,251,331,342,3.237,11.353,广东东莞大益,132,70,202
徐昕,18,226,112,226,22,10,288,349,363,3.469,12.874,广东东莞大益,90,90,180
张昊,19,205,97,205,21.5,8.5,267,337,357,3.324,12.110,广东东莞大益,144,64,208
曾繁日,25,205,108,213,20.5,9.5,268,335,346,3.400,11.358,广东东莞大益,110,102,212
张皓嘉,21,199,104,202,21.5,8,258,328,329,3.422,11.690,广东东莞大益,130,97,227
张明池,19,213,110,206,22,10,269,321,331,4.292,15.021,广东东莞大益,130,50,180
周鹏,32,206,104,204,21,9,265,327,334,3.392,12.570,广东东莞大益,,,
任骏飞,31,203,96,206,21,9,265,324,328,3.936,12.794,广东东莞大益,,,
徐杰,21,179,67,177,18.5,8.5,229,305,318,3.439,11.324,广东东莞大益,,,
胡明轩,23,191,81,194,20,9,245,324,336,3.432,11.803,广东东莞大益,,,
易建联,34,212,120,224,24,11,277,337,339,3.930,14.959,广东东莞大益,,,
苏伟,32,214,126,216,23,9.5,279,317,330,3.756,14.088,广东东莞大益,,,
杜润旺,22,206,109,206,21,9,263,327,337,3.629,13.635,广东东莞大益,,,
刘权标,22,197,93,201,21,9.5,253,,,3.421,11.643,广东东莞大益,138,76,214
付豪,24,208,112,205,21,9.5,267,334,344,3.374,12.794,辽宁本钢,134,73,207
周俊成,22,192,85,197,21,8.5,249,324,343,3.254,11.531,辽宁本钢,136,53,189
马壮,22,192,91,195,21,9,251,310,325,3.365,11.229,辽宁本钢,100,104,204
丛明晨,26,200,94,198,21,9,256,324,339,3.395,12.107,辽宁本钢,130,129,259
刘雁宇,22,212,86,208,20,8,273,355,376,3.104,11.737,辽宁本钢,150,73,223
孙锴祺,28,205,89,210,22,9,272,338,350,,,辽宁本钢,·,·,·
吴昌泽,21,202,102,200,22,10,260,345,355,3.224,12.034,辽宁本钢,132,64,196
俞泽辰,21,201,94,196,20,9,257,326,352,3.315,12.209,辽宁本钢,136,83,219
卢梓杰,22,206,104,212,22.5,8,270,330,340,3.405,12.260,辽宁本钢,118,78,196
王化东,22,203,107,202,20,9,265,323,335,3.447,12.693,辽宁本钢,132,76,208
郭旭,26,196,84,196,21,9,249,320,334,3.326,12.232,辽宁本钢,148,97,245
朱荣振,22,218,115,215,22,10,279,339,351,3.534,13.122,辽宁本钢,90,109,199
鄢手骐,24,189,87,186,20,9,241,322,334,3.169,12.076,辽宁本钢,110,97,207
赵继伟,26,183,79,182,19,8.5,235,300,316,3.171,11.657,辽宁本钢,,,
张镇麟,22,205,102,204,21,9,266,348,365,2.911,10.881,辽宁本钢,,,
韩德君,34,215,123,219,23,10,279,333,350,3.270,12.887,辽宁本钢,,,
李晓旭,31,207,105,208,22,9.5,266,328,347,3.179,12.379,辽宁本钢,,,
刘志轩,30,196,88,198,21,9,248,321,336,3.516,11.472,辽宁本钢,,,
郭艾伦,28,190,84,196,21.5,9,250,317,334,3.258,12.603,辽宁本钢,,,
陆翊铭,19,190,69,194,19,7.5,242,313,330,3.013,11.007,浙江稠州金租,150,70,220
任骏哲,18,180,75,184,19,8.5,232,313,320,3.124,11.188,浙江稠州金租,124,90,214
林孝天,22,192,87,196,20,8.5,246,320,334,3.002,11.535,浙江稠州金租,136,76,212
程帅澎,22,191,90,187,19.5,8.5,242,311,330,3.220,12.318,浙江稠州金租,146,97,243
孙岩松,21,206,91,206,22,9,263,337,356,3.122,11.631,浙江稠州金租,138,76,214
刘泽一,22,201,103,201,21,9,263,333,350,2.814,11.382,浙江稠州金租,150,60,210
余嘉豪,18,221,130,226,24,11,285,338,352,3.374,13.414,浙江稠州金租,90,131,221
时振恺,19,196,96,205,22,9,255,319,331,3.098,12.402,浙江稠州金租,138,76,214
张洪硕,19,200,93,201,21,9,257,331,347,3.052,12.156,浙江稠州金租,120,73,193
王奕博,22,182,88,189,19,8.5,239,315,327,2.802,11.904,浙江稠州金租,138,83,221
吕杭迅,19,185,72,184,19,8,236,305,331,2.906,11.092,浙江稠州金租,118,112,230
郭阔,18,187,73,189,19,9,238,306,314,2.948,11.640,浙江稠州金租,134,76,210
赖俊豪,26,206,93,211,22,9,264,341,347,3.070,12.352,浙江稠州金租,138,73,211
王仔路,24,200,91,202,20,8.5,258,326,345,2.918,11.326,浙江稠州金租,150,90,240
张大宇,30,214,109,208,23,9.5,275,335,347,3.140,12.235,浙江稠州金租,,,
吴前,27,188,82,196,21,9,244,318,334,2.991,11.677,浙江稠州金租,,,
陆文博,24,192,93,189,20,9,245,322,348,2.845,10.840,浙江稠州金租,,,
朱旭航,28,201,95,210,22,9,265,335,346,3.082,12.165,浙江稠州金租,,,
侯沛佐,22,200,88,196,20,9,250,324,341,3.078,12.269,山东高速,132,97,229
刘毅,25,192,93,195,21,10,250,322,330,3.054,11.479,山东高速,108,84,192
王文宇,24,182,81,183,19.5,9,227,311,321,2.828,11.626,山东高速,120,70,190
马鑫鑫,18,209,110,211,23,10,276,336,357,3.250,12.661,山东高速,92,90,182
焦海龙,24,206,103,208,22,9,265,325,344,2.979,12.397,山东高速,130,68,198
文雁行,26,184,77,185,19,8,236,311,317,2.833,12.647,山东高速,90,97,187
司坤,26,196,92,201,20,8.5,255,327,345,3.115,11.738,山东高速,116,104,220
马光翰,22,182,77,180,18,8,235,300,320,3.347,11.915,山东高速,96,90,186
刘冠岑,26,200,91,201,21,8.5,257,335,353,3.126,11.857,山东高速,150,53,203
陈培东,22,189,89,187,21,9,242,309,322,3.115,11.594,山东高速,128,90,218
高诗岩,25,186,82,182,20,9,238,309,323,3.281,11.503,山东高速,,,
李敬宇,30,198,97,200,21,9,256,305,322,3.369,12.727,山东高速,,,
乔文瀚,30,195,93,189,19,9.5,250,311,327,3.097,11.532,山东高速,,,
贾诚,30,208,106,205,22.5,9.5,267,335,343,3.562,13.053,山东高速,,,
王汝恒,31,192,94,195,20,8.5,249,317,326,3.182,11.682,山东高速,,,
陶汉林,30,207,129,211,23,10,275,338,355,3.574,13.147,山东高速,,,
丁彦雨航,28,200,99,197,20,8.5,255,335,335,3.355,13.360,山东高速,,,
于德豪,26,190,92,194,20,8.5,246,318,325,3.352,12.004,新疆伊力王酒,108,83,191
唐才育,24,196,86,197,20.5,8,252,321,332,3.231,12.193,新疆伊力王酒,122,120,242
艾孜麦提·吐逊,19,203,125,206,21,9.5,260,318,333,3.448,13.171,新疆伊力王酒,96,96,192
朱传宇,23,226,122,229,25,11,294,342,353,3.956,15.305,新疆伊力王酒,90,90,180
西尔扎提·赛买提,20,193,85,191,21,8.5,245,309,322,3.345,12.365,新疆伊力王酒,116,97,213
热甫卡提江·吐送江,23,203,97,209,21.5,8.5,261,329,338,3.481,11.993,新疆伊力王酒,106,78,184
齐麟,22,199,91,202,22,9,262,334,349,3.295,11.954,新疆伊力王酒,126,64,190
鲁吐布拉,22,207,109,214,21,9,272,339,357,3.439,13.112,新疆伊力王酒,150,90,240
阿尔斯兰,25,185,82,185,19,9,236,300,320,3.278,11.282,新疆伊力王酒,118,104,222
伊力福拉提·莫合坦尔,21,195,93,198,21,9.5,251,322,344,3.312,10.999,新疆伊力王酒,128,97,225
于晓辉,23,213,103,218,22,10,277,336,347,3.471,12.626,新疆伊力王酒,140,73,213
孙昊淼,18,206,103,207,21,9.5,266,332,348,3.392,11.793,新疆伊力王酒,128,112,240
郭昱彰,18,201,88,207,22,9,260,329,343,3.319,11.802,新疆伊力王酒,150,70,220
曾令旭,34,192,88,197,20,8.5,251,312,325,3.431,12.439,新疆伊力王酒,,,
阿不都沙拉木·阿不都热西提,25,203,98,209,21.5,9,264,319,341,3.607,13.052,新疆伊力王酒,,,
刘力鹏,24,195,86,198,20,8.5,255,314,324,,,新疆伊力王酒,·,·,·
梁英淇,21,207,110,209,21,9,270,336,342,,,新疆伊力王酒,·,·,·
王庆明,29,201,110,200,22,9,258,327,338,3.191,11.438,青岛每日优鲜,90,116,206
邵英伦,25,203,91,202,21,9,258,327,327,3.271,11.673,青岛每日优鲜,112,90,202
杨金蒙,25,190,88,192,20,9,242,316,331,3.578,12.746,青岛每日优鲜,114,83,197
吕俊虎,22,205,92,198,21,10.5,259,325,339,3.198,11.754,青岛每日优鲜,150,83,233
王睿泽,26,197,93,196,21.5,10,255,329,341,3.443,12.173,青岛每日优鲜,150,83,233
王洪,29,182,73,180,18.5,9.5,230,292,317,3.186,12.041,青岛每日优鲜,146,64,210
刘家昕,20,185,74,181,20,8,234,306,320,3.112,11.757,青岛每日优鲜,130,104,234
洪仲桦,22,191,91,190,19,8.5,243,314,327,3.110,11.478,青岛每日优鲜,102,129,231
张扬,21,206,85,209,22,9,266,341,348,3.074,12.040,青岛每日优鲜,150,83,233
许家晗,28,182,82,187,21,9,237,321,332,2.984,10.948,青岛每日优鲜,132,70,202
张祖铭,26,205,95,201,22,9.5,263,328,349,3.260,11.425,青岛每日优鲜,150,76,226
张骋宇,32,192,71,190,19.5,8,246,305,319,3.283,13.500,青岛每日优鲜,,,
赵泰隆,31,192,91,194,20,9,251,320,333,3.141,11.167,青岛每日优鲜,,,
赵大鹏,31,196,94,201,22,9,251,321,327,,,青岛每日优鲜,,,
林韦翰,31,178,71,174,20,8.5,225,290,300,3.226,11.667,青岛每日优鲜,,,
李原宇,30,206,127,213,23.5,10.5,268,318,325,3.550,12.793,青岛每日优鲜,,,
高世鳌,21,225,106,232,23,9,294,348,368,3.439,12.276,青岛每日优鲜,,,
孙铭徽,25,186,79,189,20,9,241,314,335,3.148,10.889,浙江广厦控股,96,90,186
赵嘉仁,22,203,96,203,21,8,259,327,341,3.411,12.112,浙江广厦控股,150,76,226
赵嘉义,22,205,98,206,22,8.5,264,335,342,3.297,12.034,浙江广厦控股,150,76,226
杜金伦,22,197,94,195,21,8.5,248,320,326,3.391,11.744,浙江广厦控股,140,76,216
张翔,21,190,86,188,19,8.5,242,310,319,3.366,11.591,浙江广厦控股,122,76,198
原晨云,22,208,82,211,22,9,268,326,335,3.264,11.361,浙江广厦控股,132,102,234
吴骁,22,205,116,204,21,9,262,329,333,3.605,12.727,浙江广厦控股,112,96,208
朱俊龙,22,201,94,203,20,9,259,327,343,3.388,11.368,浙江广厦控股,116,104,220
纪卓,20,210,102,204,21.5,9.5,267,332,342,3.314,12.034,浙江广厦控股,112,90,202
田泽皓,20,195,98,193,21,9,247,313,334,3.477,11.754,浙江广厦控股,110,83,193
许可,21,185,83,186,19,8,238,301,319,3.400,11.586,浙江广厦控股,110,90,200
孙椿鹏,26,205,104,204,20.5,9.5,265,323,331,3.313,11.486,浙江广厦控股,144,90,234
姜文,25,189,84,191,22,9,243,310,327,3.413,11.043,浙江广厦控股,112,97,209
王济君,21,205,93,206,20,8.5,261,324,335,4.157,14.048,浙江广厦控股,114,76,190
胡金秋,24,211,111,215,25,9.5,274,342,350,3.401,11.780,浙江广厦控股,,,
赵岩昊,24,195,79,195,20,8.5,251,320,342,3.346,13.062,浙江广厦控股,,,
许钟豪,31,212,135,219,22.5,9.5,274,318,331,3.807,13.893,浙江广厦控股,,,
冯欣,29,182,75,182,20.5,9,234,290,298,3.313,11.041,浙江广厦控股,,,
李金效,24,207,110,206,22,9.5,268,332,348,3.349,12.562,浙江广厦控股,92,90,182
敖尔格乐,20,195,83,190,21,9,250,306,319,,,浙江广厦控股,·,·,·
李慕豪,29,220,122,222,23,10,285,347,357,3.573,13.500,北京首钢,90,96,186
杨阿力,20,184,76,183,19,9,234,309,322,3.150,10.525,北京首钢,118,83,201
孙晨然,22,188,79,191,20,8.5,240,313,323,3.195,11.223,北京首钢,118,104,222
雷蒙,26,196,99,192,19.5,9,249,316,330,3.576,11.595,北京首钢,120,104,224
白谛,22,194,95,192,19,9,249,316,328,3.234,11.497,北京首钢,126,70,196
范依铭,20,204,89,211,22.5,9,262,331,342,3.332,11.470,北京首钢,148,64,212
张才仁,26,195,97,193,21,9,252,314,322,3.312,11.221,北京首钢,134,83,217
范子铭,23,211,118,214,21.5,9,271,330,332,3.714,12.806,北京首钢,106,90,196
塔瑞克·加尼尤,23,208,111,216,22.5,9.5,270,336,343,3.648,12.561,北京首钢,150,57,207
张卓,25,201,97,207,21.5,9,263,327,340,3.679,11.921,北京首钢,132,76,208
田宇翔,29,182,84,189,19.5,9.5,236,309,322,3.267,11.565,北京首钢,114,76,190
于喜淼,21,198,98,200,20,8.5,258,324,331,3.274,11.545,北京首钢,108,83,191
栾利程,23,197,86,198,21,9.5,252,322,338,3.326,12.313,北京首钢,148,64,212
陈赞宇,24,195,89,199,21,9,251,320,325,3.431,11.958,北京首钢,118,83,201
高升,24,,,,,,,,,,,北京首钢,·,·,·
翟晓川,28,205,111,204,21,9,261,323,337,3.546,11.969,北京首钢,,,
周仪翔,30,191,104,200,21,9.5,250,315,319,3.372,12.062,北京首钢,,,
王骁辉,31,197,100,196,21,8.5,250,322,339,3.368,11.532,北京首钢,,,
方硕,31,189,88,192,20,8.5,244,315,324,3.456,12.302,北京首钢,,,
刘晓宇,32,191,82,193,21,8,246,317,330,3.257,12.016,北京首钢,,,
朱彦西,31,207,114,211,22,9,268,328,340,3.546,13.390,北京首钢,,,
常林,33,206,122,208,23,9,264,334,348,5.316,14.867,北京首钢,,,
曾凡博,18,,,,,,,,,,,北京首钢,·,·,·
容子峰,22,186,82,192,19.5,9.5,243,314,334,3.225,12.134,深圳马可波罗,104,104,208
杨林祎,26,188,76,189,19.5,8.5,243,315,320,3.827,13.062,深圳马可波罗,104,90,194
白昊天,22,194,92,197,20.5,10,251,321,337,3.498,12.469,深圳马可波罗,144,76,220
孙浩钦,18,192,79,192,21,8.5,247,310,326,3.434,11.948,深圳马可波罗,106,90,196
贺希宁,24,195,103,193,20,9.5,257,317,338,3.290,12.055,深圳马可波罗,134,90,224
孟翔,24,197,93,193,20,9.5,250,310,330,3.567,12.366,深圳马可波罗,106,112,218
卢鹏羽,20,198,79,199,21,8.5,256,326,345,3.333,11.878,深圳马可波罗,150,50,200
武子涵,18,202,89,202,21,9,262,332,344,3.432,12.343,深圳马可波罗,150,64,214
李想,23,206,95,209,21,9,265,328,338,3.317,11.675,深圳马可波罗,150,90,240
顾全,29,201,98,201,20.5,9.5,259,319,325,3.415,11.098,深圳马可波罗,134,112,246
韩驭丰,22,205,105,200,20,9,262,312,321,4.125,13.935,深圳马可波罗,122,60,182
彭森傲,18,214,101,214,21,9.5,271,327,338,3.541,12.864,深圳马可波罗,140,64,204
赵义明,21,220,140,216,21,9.5,288,340,348,3.765,13.130,深圳马可波罗,90,102,192
于长春,30,202,96,201,20,9.5,255,313,329,3.735,12.442,深圳马可波罗,,,
买尔丹·吐尔逊,33,205,109,209,21.5,10,266,319,321,3.751,12.826,深圳马可波罗,,,
沈梓捷,24,210,114,222,23.5,10,278,345,358,3.528,11.373,深圳马可波罗,,,
卢艺文,26,205,105,204,20.5,10,263,326,335,,,深圳马可波罗,,,
何忠勉,30,195,96,200,21,9,254,316,330,,,深圳马可波罗,,,
崔晋铭,29,195,91,194,20,9,250,314,323,3.423,12.020,九台农商银行,112,90,202
代怀博,27,208,98,207,21,9,269,333,338,3.510,12.367,九台农商银行,110,90,200
丁皓然,25,206,96,203,21,9,266,331,343,3.377,12.807,九台农商银行,102,109,211
付博文,22,181,77,180,19.5,8.5,230,310,327,2.966,10.861,九台农商银行,138,112,250
耿铭旸,24,198,107,200,20,9,255,334,347,3.158,11.053,九台农商银行,126,83,209
姜伟泽,21,181,72,179,19.5,8.5,230,313,331,3.045,12.094,九台农商银行,136,120,256
孔德高,20,188,72,188,20,9,241,325,342,3.593,11.552,九台农商银行,122,96,218
李盛东,25,199,103,201,20.5,10.5,256,317,332,3.345,12.478,九台农商银行,118,112,230
刘天意,27,191,87,197,21,9,251,325,337,3.185,11.630,九台农商银行,126,120,246
吕安宇,19,190,84,201,20,8.5,247,324,337,3.290,11.357,九台农商银行,124,76,200
田晨翔,20,200,87,200,21,8.5,258,324,336,3.482,12.270,九台农商银行,100,84,184
张正昕,26,207,112,204,23,10,262,331,336,3.412,12.838,九台农商银行,134,90,224
刘禹涛,24,206,111,214,23,10,268,329,340,3.417,12.161,九台农商银行,132,68,200
李安,31,209,118,216,24,9.5,272,341,346,3.769,13.861,九台农商银行,,,
钟诚,32,205,124,212,22.5,9.5,268,317,326,3.548,13.068,九台农商银行,,,
姜宇星,26,192,94,197,21.5,9.5,247,318,332,3.658,12.678,九台农商银行,,,
朱恩彤,22,,,,,,,,,,,九台农商银行,·,·,·
景菡一,22,194,96,201,20.5,9,250,320,323,3.652,14.676,四川金荣实业,126,120,246
胡钧淋,22,179,80,182,19.5,8,228,306,322,3.323,11.663,四川金荣实业,150,97,247
张辉,25,190,89,191,20.5,8.5,242,313,324,3.837,12.842,四川金荣实业,110,104,214
李泓翰,26,197,90,201,20,9,254,318,322,3.431,12.419,四川金荣实业,138,64,202
胡林森,22,198,88,195,19.5,9,250,322,338,3.357,12.890,四川金荣实业,150,97,247
赵戌宏,25,215,111,213,22.5,9.5,278,344,347,3.502,13.649,四川金荣实业,90,90,180
张殿梁,24,201,104,205,21.5,9.5,258,311,324,3.640,12.731,四川金荣实业,104,102,206
李柯七,25,187,85,185,18.5,9,235,290,318,3.608,12.469,四川金荣实业,102,90,192
李林岳,23,183,83,184,20,9,236,300,314,3.440,12.328,四川金荣实业,110,90,200
陈辰,29,198,96,201,21.5,9.5,256,322,338,3.457,12.518,四川金荣实业,140,90,230
朱松玮,25,206,101,205,21.5,9,263,332,350,3.433,12.999,四川金荣实业,150,109,259
郭金林,30,197,100,205,21.5,9.5,254,324,335,3.503,12.531,四川金荣实业,,,
韩硕,35,197,91,196,22,10,252,311,319,3.658,12.455,四川金荣实业,,,
苏若禹,30,206,117,216,22.5,9.5,273,330,338,3.589,13.577,四川金荣实业,,,
袁振梁,23,207,112,213,22,10,257,339,346,3.484,12.169,四川金荣实业,,,
莫蒙尘,22,190,90,181,20,9,238,304,308,,,四川金荣实业,·,·,·
郭治瀚,22,196,90,192,19.5,9,249,312,313,4.231,14.042,四川金荣实业,150,50,200
左朕年,25,200,108,202,21.5,10,257,325,330,3.941,13.309,四川金荣实业,92,90,182
孟天艺,22,206,113,208,22,10,268,328,337,3.742,13.834,四川金荣实业,138,78,216
陈浩南,21,196,87,196,20,9,251,323,334,3.519,12.223,四川金荣实业,150,50,200
郑准,29,216,104,222,23,9.5,281,350,358,3.578,14.508,时代中国广州,90,116,206
郭凯,28,206,109,211,22,11,260,320,333,3.372,12.449,时代中国广州,96,109,205
贾明儒,24,185,81,184,19.5,9,235,306,324,3.472,12.736,时代中国广州,104,120,224
齐浩彤,23,199,106,200,21,9,257,321,335,3.241,12.292,时代中国广州,122,64,186
李京龙,26,195,94,199,20,9,250,314,325,3.683,12.216,时代中国广州,104,112,216
田宇恒,25,193,84,191,20,8.5,245,310,327,3.389,11.142,时代中国广州,110,104,214
李青翔,29,189,86,192,20,10,243,306,317,3.437,11.675,时代中国广州,116,97,213
付磊,25,198,84,195,21,9,249,318,331,3.458,12.441,时代中国广州,150,104,254
谢宸飞,21,204,96,202,21.5,10,264,322,335,3.656,12.559,时代中国广州,90,109,199
赵晏满,22,204,101,196,21,10,262,333,354,3.294,11.679,时代中国广州,150,60,210
缪光旸,24,209,112,212,22.5,9,266,340,347,3.572,13.089,时代中国广州,98,123,221
姚天一,27,181,80,185,19,9,231,305,320,3.378,11.689,时代中国广州,132,76,208
张展玮,23,195,95,199,21.5,9.5,250,328,344,3.318,12.508,时代中国广州,138,64,202
孙昊锋,20,196,72,194,20.5,9,251,322,337,3.678,12.530,时代中国广州,132,50,182
祝铭震,25,196,105,202,20.5,9.5,251,328,341,3.263,11.597,时代中国广州,,,
李炎哲,21,211,135,222,24,10.5,280,323,340,4.287,14.092,时代中国广州,,,
王泉泽,21,,,,,,,,,,,时代中国广州,·,·,·
陈盈骏,28,182,86,187,19.5,9,232,302,315,3.810,12.906,时代中国广州,122,104,226
王政博,25,189,84,188,20,9,241,311,321,3.905,13.436,时代中国广州,92,104,196
刘颜诚,19,197,97,200,21,9,250,311,325,3.555,12.312,时代中国广州,144,76,220
佟佳俊,18,190,88,189,19.5,9,241,299,313,3.449,12.694,时代中国广州,124,97,221
石颜博,21,202,97,201,21.5,9.5,254,328,339,3.270,10.983,北京控股,146,68,214
满江,22,199,93,203,21.5,9.5,257,328,335,3.311,11.684,北京控股,118,83,201
李龙元,20,197,95,200,21,9,252,314,323,3.448,11.794,北京控股,118,90,208
廖三宁,20,189,82,198,21,9,246,321,338,3.214,11.435,北京控股,122,70,192
王俊杰,22,196,86,199,19.5,9.5,254,329,341,3.137,11.697,北京控股,148,76,224
罗凯文,26,200,96,206,22,10,262,330,338,3.038,11.166,北京控股,142,53,195
马泳,23,196,86,198,21.5,9.5,256,322,338,3.078,11.477,北京控股,138,90,228
李玮颢,24,204,96,203,22,9,263,339,345,3.321,11.814,北京控股,136,64,200
刘畅,24,194,87,192,19.5,9.5,244,322,333,3.129,11.881,北京控股,120,76,196
侯逸凡,29,200,96,205,21.5,10,262,320,344,3.208,11.432,北京控股,130,90,220
张帆,25,195,87,193,19.5,8.5,249,320,327,3.383,11.836,北京控股,114,139,253
孙思尧,25,210,111,215,22,10,270,331,342,3.191,12.114,北京控股,90,96,186
王少杰,25,208,102,215,22.5,9,273,338,342,3.248,12.072,北京控股,,,
李根,33,192,98,199,21,8.5,250,311,316,,,北京控股,,,
俞长栋,30,206,110,211,22.5,10,267,325,335,3.434,11.904,北京控股,,,
邹雨宸,25,206,125,220,23.5,10.5,276,338,350,3.663,12.680,北京控股,,,
李佳恒,20,185,82,187,20,8.5,237,299,312,3.394,11.631,北京控股,150,83,233
孙桐林,29,206,117,216,23,9,272,328,334,4.096,14.723,北京控股,94,90,184
戴昊,19,195,76,199,21,9,250,324,345,3.081,11.327,上海久事,150,83,233
张知垚,19,207,87,210,21,9,266,339,345,3.533,11.863,上海久事,150,78,228
李添荣,21,189,86,196,21,10,244,328,343,3.129,11.721,上海久事,150,90,240
朱瀛,26,199,88,207,21.5,9,256,334,344,3.216,12.118,上海久事,150,90,240
罗汉琛,27,183,82,186,18.5,8.5,236,310,318,3.445,12.033,上海久事,118,104,222
鞠明欣,28,197,96,201,21.5,9,252,323,340,3.460,12.054,上海久事,150,64,214
黄旭,26,192,86,191,21,8.5,244,316,325,3.463,12.597,上海久事,92,90,182
何重达,27,201,95,207,22,9,262,334,343,3.363,11.957,上海久事,150,64,214
可兰白克·马坎,29,196,101,205,21.5,10,257,310,324,3.567,12.602,上海久事,112,83,195
袁堂文,21,183,78,184,18.5,9,236,300,318,3.705,12.712,上海久事,124,70,194
郭昊文,21,201,91,199,19,9,257,335,351,3.412,11.724,上海久事,150,83,233
颜鹏,25,199,92,197,21,9,255,321,333,3.534,11.976,上海久事,,,
刘铮,31,191,82,201,21.5,8.5,246,306,312,3.295,11.750,上海久事,,,
任骏威,31,200,96,203,21,9,264,321,329,3.711,12.867,上海久事,,,
宗赞,32,211,107,210,23,9,273,331,337,3.898,14.876,上海久事,,,
董瀚麟,30,206,111,215,21.5,9,270,333,346,3.351,12.134,上海久事,,,
张春军,34,195,98,201,22,9.5,251,320,321,3.809,14.114,上海久事,,,
罗旭东,33,184,82,184,21,9,235,301,311,,,上海久事,,,
王哲林,27,214,121,215,23,10.5,269,337,340,3.585,13.839,上海久事,,,
闫鹏飞,28,211,116,210,23,9,275,338,354,3.455,11.930,山西汾酒股份,116,116,232
邢志强,27,205,109,209,22,8.5,263,320,337,3.367,11.390,山西汾酒股份,112,70,182
张泽龙,26,200,99,203,21,8.5,259,324,336,3.412,11.530,山西汾酒股份,118,104,222
原帅,27,194,90,188,20,9,241,306,318,3.421,11.802,山西汾酒股份,90,97,187
张涵钧,29,181,83,184,19,8,234,295,305,3.375,12.440,山西汾酒股份,102,83,185
张宁,24,191,97,196,21,9,250,320,333,3.267,11.829,山西汾酒股份,150,90,240
韩霈瑜,20,205,109,213,22,9,270,329,344,3.337,12.068,山西汾酒股份,150,84,234
陈彭宇迪,20,184,75,184,19.5,8.5,237,306,327,3.172,11.406,山西汾酒股份,132,64,196
何家辰,21,198,92,195,20,8.5,251,321,328,3.291,11.644,山西汾酒股份,150,64,214
苏琨皓,20,195,85,191,21,8.5,249,316,331,3.351,11.187,山西汾酒股份,144,97,241
席益民,20,180,74,179,18,8,233,301,317,3.304,13.338,山西汾酒股份,118,112,230
张旭,22,199,96,205,21.5,9.5,261,328,343,3.375,11.615,山西汾酒股份,116,97,213
陈子安,24,197,97,202,22,10,255,323,343,3.379,11.660,山西汾酒股份,150,104,254
贾昊,22,197,90,200,21,9,257,322,338,3.334,11.864,山西汾酒股份,150,70,220
黎璋霖,24,205,112,203,21,9,263,320,325,3.529,11.919,山西汾酒股份,112,68,180
萧键勋,25,191,85,193,20,9,245,323,339,3.236,11.919,山西汾酒股份,128,97,225
杨凯,25,197,97,197,21,9,256,320,334,3.379,11.406,山西汾酒股份,118,76,194
刘嘉威,20,192,101,193,21,9,251,308,320,3.342,11.812,山西汾酒股份,92,102,194
车皓铭,20,197,86,200,21,9,256,316,331,3.368,11.248,山西汾酒股份,144,90,234
周湛东,31,181,87,186,19,8.5,237,298,315,3.431,11.565,山西汾酒股份,,,
吴轲,31,210,118,211,23,9.5,266,324,330,3.841,13.815,山西汾酒股份,,,
曹飞,30,196,85,196,19,8,252,313,323,3.553,12.331,山西汾酒股份,,,
葛昭宝,29,212,116,216,23,10,272,324,327,3.838,12.800,山西汾酒股份,,,
徐铭智,24,183,66,191,20,8,236,313,325,3.308,12.219,福建浔兴股份,120,70,190
方渭博,21,188,78,189,19.5,8.5,245,311,331,3.304,12.434,福建浔兴股份,130,139,269
黎伊扬,23,181,81,187,21,9.5,235,301,320,3.251,12.653,福建浔兴股份,128,70,198
潘威,21,183,80,187,20,9,235,307,337,3.035,10.798,福建浔兴股份,150,83,233
李江淮,29,190,82,190,19.5,9,243,312,321,3.161,10.835,福建浔兴股份,124,70,194
田桂森,27,187,87,193,22,9,245,318,333,3.739,11.260,福建浔兴股份,108,104,212
阿迪力·库尔班,23,188,84,192,20,8,243,307,323,3.377,11.551,福建浔兴股份,112,76,188
庄战,22,195,86,190,20,10,249,307,320,3.395,11.929,福建浔兴股份,126,90,216
陈林坚,28,197,91,201,20,9,251,319,340,3.443,11.489,福建浔兴股份,150,129,279
刘旭乘,22,202,111,204,22,9.5,261,321,334,3.370,11.511,福建浔兴股份,110,97,207
刘丰搏,28,198,98,199,21,9,252,327,341,3.213,11.680,福建浔兴股份,132,104,236
程峰,23,198,95,199,22,9,258,324,336,3.342,11.295,福建浔兴股份,132,73,205
卡米然·司地克江,26,194,87,200,20,8.5,243,308,331,3.357,11.149,福建浔兴股份,116,64,180
王翊雄,23,206,109,208,21,10,265,324,339,3.385,12.129,福建浔兴股份,150,50,200
区俊炫,22,206,101,213,22.5,9.5,265,343,358,3.248,12.325,福建浔兴股份,142,96,238
黄艺,22,206,103,202,20.5,9,261,323,335,3.646,11.897,福建浔兴股份,132,96,228
李英博,22,205,92,205,21,9,262,337,347,3.236,11.176,福建浔兴股份,150,57,207
张永鹏,31,210,110,215,23,10,273,335,356,3.612,12.329,福建浔兴股份,,,
孙喆,31,220,126,221,22.5,9.5,282,322,332,4.623,14.196,福建浔兴股份,,,
黄毅超,29,195,94,201,19.5,9.5,252,320,330,3.598,12.952,福建浔兴股份,,,
范宇轩,23,200,87,197,19.5,9,256,326,343,,,福建浔兴股份,·,·,·
孟子凯,25,206,93,205,20.5,8.5,265,337,341,3.451,11.789,天津先行者,150,76,226
高森堡,26,202,90,202,21,8.5,253,329,342,3.125,11.295,天津先行者,150,58,208
谷泽浴,24,181,79,176,18.5,8.5,229,296,325,3.155,11.433,天津先行者,142,90,232
苏煜,21,184,78,184,19,8.5,232,301,314,3.295,11.149,天津先行者,116,70,186
潘宁,26,213,103,206,22,9,272,325,341,3.505,12.171,天津先行者,90,96,186
李荣培,26,188,85,193,21,9,245,308,315,3.371,11.723,天津先行者,108,83,191
金鑫,26,196,104,206,22,9.5,259,332,345,3.276,11.780,天津先行者,150,120,270
张云梦,22,196,90,194,21,8.5,251,320,338,3.055,12.027,天津先行者,136,83,219
郑昊燃,22,198,85,200,21.5,9.5,257,328,340,3.068,11.757,天津先行者,124,97,221
田雨,25,208,91,202,21.5,9,258,325,342,3.349,11.744,天津先行者,150,96,246
韩博林,26,198,88,196,21.5,9.5,252,317,328,3.095,10.792,天津先行者,142,97,239
何思雨,24,197,97,197,20.5,8.5,256,325,334,3.148,11.178,天津先行者,150,112,262
时德帅,26,205,100,203,22,9,257,324,337,3.270,12.299,天津先行者,126,109,235
刘炜,21,191,84,190,20.5,9,241,310,318,3.277,11.359,天津先行者,150,58,208
谢立石,24,192,81,190,21,9,242,308,323,2.963,11.144,天津先行者,144,83,227
张晓阳,26,209,103,205,23,10,261,321,333,3.321,12.072,天津先行者,134,68,202
田野,31,185,77,186,20,8.5,236,302,321,3.446,12.509,天津先行者,,,
刘伟,32,209,103,210,21,9.5,271,324,332,,,天津先行者,,,
张兆旭,34,220,125,220,23,10,283,343,353,3.606,12.769,天津先行者,,,
李佳益,24,207,120,213,22,9,265,328,339,3.455,13.568,天津先行者,,,
林庭谦,22,190,80,192,20.5,9,246,309,319,3.429,11.548,天津先行者,134,83,217
孙鸣阳,27,210,126,214,22,9.5,273,324,332,4.050,13.225,南京同曦宙光,90,102,192
王子瑞,28,188,80,190,18.5,8,240,312,320,3.530,11.108,南京同曦宙光,124,83,207
王旭,26,179,81,179,19.5,8,229,291,310,3.507,11.978,南京同曦宙光,108,120,228
赵天熠,26,205,110,200,20,10,262,328,331,3.605,12.296,南京同曦宙光,134,64,198
衡艺丰,26,195,96,196,21.5,10.5,249,319,327,3.376,11.951,南京同曦宙光,112,90,202
白杰,23,200,83,206,20.5,9,262,330,340,3.416,11.753,南京同曦宙光,142,64,206
王子麒,24,195,82,198,20,8.5,252,318,327,3.345,11.709,南京同曦宙光,150,83,233
杨皓喆,25,181,82,183,19,9,229,313,322,3.147,10.981,南京同曦宙光,112,112,224
李泓澎,23,195,94,192,20,10,249,317,326,3.424,12.851,南京同曦宙光,128,112,240
王昊宇,21,188,77,186,19.5,9,235,305,322,3.330,11.701,南京同曦宙光,126,97,223
王梓旭,23,198,95,196,21,9.5,260,330,342,3.327,11.213,南京同曦宙光,132,76,208
皇甫承轩,20,182,79,176,19.5,9,233,297,309,3.311,11.433,南京同曦宙光,116,90,206
王睿,22,202,95,204,20.5,9,260,317,328,3.602,12.716,南京同曦宙光,100,84,184
赵柏清,23,203,108,206,22,9.5,262,325,343,3.541,12.724,南京同曦宙光,140,68,208
刘东,26,209,107,208,21.5,10,269,331,348,3.454,12.099,南京同曦宙光,132,60,192
邬挺嘉,24,180,83,180,20,9,232,294,305,3.511,12.010,南京同曦宙光,116,90,206
关宁,22,189,84,195,21,9,247,321,332,3.239,11.756,南京同曦宙光,104,76,180
孙熔孝,26,198,103,199,20.5,9,252,311,321,3.756,12.544,南京同曦宙光,94,96,190
于刚,29,207,116,209,22,10,267,,,,,南京同曦宙光,·,·,·
万圣伟,27,200,129,207,21,10,262,317,326,3.815,11.863,南京同曦宙光,,,
西热力江·木合塔尔,30,190,92,193,20,9.5,247,304,315,3.250,11.129,南京同曦宙光,,,
焦恩格尔·胡依山,26,209,110,208,21,10,,,,,,南京同曦宙光,·,·,·
史鸿飞,28,178,73,172,18,8.5,229,292,292,3.688,12.807,苏州肯帝亚,118,139,257
吴冠希,27,211,111,218,22,10,275,338,344,3.411,13.153,苏州肯帝亚,90,102,192
赵率舟,26,197,97,198,21,10,251,315,327,3.611,12.409,苏州肯帝亚,120,129,249
张稀然,24,188,82,181,20,9,234,306,321,3.198,11.397,苏州肯帝亚,122,97,219
孙鑫,21,192,81,191,20.5,8.5,245,320,332,3.284,11.997,苏州肯帝亚,150,104,254
刘宇轩,22,207,91,206,21.5,9,266,317,337,3.416,11.974,苏州肯帝亚,150,90,240
黄荣奇,22,188,80,189,20,9,245,308,323,3.554,12.718,苏州肯帝亚,112,97,209
赵旭昕,22,209,105,213,22,10.5,268,331,336,3.400,13.073,苏州肯帝亚,132,78,210
蒋浩然,21,205,107,210,21,9,263,325,335,3.340,12.105,苏州肯帝亚,150,84,234
陶彦儒,22,189,87,194,19.5,9,244,313,321,3.251,11.510,苏州肯帝亚,124,112,236
吴羽佳,22,200,82,206,21,9,259,325,333,3.429,11.881,苏州肯帝亚,150,104,254
许梦君,23,196,91,197,20,9,254,323,331,3.415,12.417,苏州肯帝亚,150,139,289
郑祺龙,25,204,91,207,21.5,9,265,332,346,3.298,10.846,苏州肯帝亚,150,104,254
刘晋廷,21,202,90,214,22.5,9,265,333,354,3.339,11.418,苏州肯帝亚,118,96,214
崔晓龙,22,194,85,189,20,9,241,312,320,3.422,12.120,苏州肯帝亚,124,83,207
李禄曈,19,213,88,221,22,9.5,278,341,356,3.280,12.238,苏州肯帝亚,140,78,218
史仪,23,183,82,179,19,8.5,227,290,303,3.136,12.007,苏州肯帝亚,,,
闫实,20,195,83,196,20.5,9,245,322,332,3.053,11.467,苏州肯帝亚,150,90,240
黄浩然,20,193,82,199,21,9,250,335,345,2.998,10.898,苏州肯帝亚,150,90,240
佟鑫,20,202,123,204,21.5,10,261,322,327,3.313,13.204,苏州肯帝亚,0,53,53
郭羽舟,21,203,94,201,20.5,9,260,321,330,,,苏州肯帝亚,·,·,·
马泽来,21,193,81,189,20,9,246,313,325,3.246,11.378,宁波甬兴证券,118,90,208
冶征文,22,185,75,185,20,9,235,302,311,3.372,11.608,宁波甬兴证券,108,90,198
赵皓然,19,199,86,202,20.5,9,257,327,331,3.315,11.870,宁波甬兴证券,150,58,208
王向彬,22,196,92,201,20,9,255,324,344,3.476,11.845,宁波甬兴证券,150,90,240
王炫,24,184,81,195,20.5,9.5,243,304,321,3.372,12.027,宁波甬兴证券,112,78,190
赵俊峰,21,193,83,192,20,8,245,307,324,3.728,11.983,宁波甬兴证券,102,102,204
李柏润,21,186,90,188,19.5,9,241,303,313,3.540,12.157,宁波甬兴证券,104,83,187
陈柏石,22,200,89,194,19.5,9,252,324,343,3.273,11.274,宁波甬兴证券,148,58,206
刘育辰,26,199,76,201,21,10,255,325,332,3.405,11.761,宁波甬兴证券,112,90,202
韩德龙,26,196,91,196,19.5,8,247,310,320,3.483,11.691,宁波甬兴证券,124,120,244
许裕茁,22,199,91,195,20.5,9.5,252,320,332,3.238,11.375,宁波甬兴证券,150,83,233
马振翔,21,200,105,204,20,9,260,327,331,3.468,11.688,宁波甬兴证券,144,96,240
宁鸿宇,26,210,87,208,21.5,8.5,265,340,361,3.402,12.149,宁波甬兴证券,114,131,245
王小乙,22,203,82,196,20.5,8.5,256,316,337,3.354,11.346,宁波甬兴证券,126,90,216
薛驰,21,205,91,204,21.5,9,261,324,340,3.364,12.230,宁波甬兴证券,150,70,220
肖天,22,202,98,202,21,9.5,257,329,338,3.250,12.005,宁波甬兴证券,150,52,202
阿尔达格尔·阿依丁,21,205,88,205,21.5,9.5,264,326,341,3.261,11.787,宁波甬兴证券,150,73,223
李文豪,20,208,86,208,21.5,9,263,336,349,3.261,11.626,宁波甬兴证券,150,70,220
主昊,22,205,103,205,20.5,9,265,323,329,3.532,11.923,宁波甬兴证券,134,57,191
张彪,31,201,101,204,21,9,261,321,340,3.551,12.206,宁波甬兴证券,,,
曲虹霖,19,207,103,215,22,9,269,334,336,3.363,11.632,宁波甬兴证券,,,
党瑞博,22,199,98,196,21,9,251,311,323,3.168,10.814,宁波甬兴证券,122,64,186
